{
    "blood_glucose_level": 0.42433583557906657,
    "HbA1c_level": 0.4064083758294895,
    "age": 0.2649269242360772,
    "bmi": 0.21493169995887587
}